# t,z1,z2
0.000000000000000000e+00,1.000000000000000000e+00,-1.000000000000000000e+00
3.003003003003002977e-02,9.042615065168655430e-01,-9.027792112364666499e-01
6.006006006006005954e-02,8.242949620147046463e-01,-8.187022815436196810e-01
9.009009009009008584e-02,7.566865979519331598e-01,-7.447748401724884060e-01
1.201201201201201191e-01,6.989842694637087295e-01,-6.788771251380621985e-01
1.501501501501501523e-01,6.493673616687045680e-01,-6.194573754915222441e-01
1.801801801801801717e-01,6.064467717884782783e-01,-5.653475406038424023e-01
2.102102102102102188e-01,5.691383305937979253e-01,-5.156476191922990671e-01
2.402402402402402382e-01,5.365795762931077073e-01,-4.696502578660560756e-01
2.702702702702702853e-01,5.080732628815414209e-01,-4.267900168195556398e-01
3.003003003003003046e-01,4.830479443882529367e-01,-3.866082895317307644e-01
3.303303303303303240e-01,4.610297852960557607e-01,-3.487284445245906750e-01
3.603603603603603434e-01,4.416219518929237475e-01,-3.128378230414889383e-01
3.903903903903903627e-01,4.244892394427926541e-01,-2.786744373205655712e-01
4.204204204204204376e-01,4.093464225270158630e-01,-2.460169883718346662e-01
4.504504504504504570e-01,3.959492611440010301e-01,-2.146772327341918418e-01
4.804804804804804763e-01,3.840874729455592274e-01,-1.844940753637493713e-01
5.105105105105105512e-01,3.735791607067822651e-01,-1.553289298569185684e-01
5.405405405405405705e-01,3.642663310811093402e-01,-1.270620207056618878e-01
5.705705705705705899e-01,3.560112709241892159e-01,-9.958942057683164983e-02
6.006006006006006093e-01,3.486935725495041161e-01,-7.282063872474385524e-02
6.306306306306306286e-01,3.422076759234209398e-01,-4.667664469803757543e-02
6.606606606606606480e-01,3.364608164556940340e-01,-2.108823075276067271e-02
6.906906906906906674e-01,3.313713146851001712e-01,4.005342121672403333e-03
7.207207207207206867e-01,3.268671086921484670e-01,2.865749964311800624e-02
7.507507507507507061e-01,3.228845244753866250e-01,5.291531493137116571e-02
7.807807807807807254e-01,3.193672186937829838e-01,7.682033017365091920e-02
8.108108108108108558e-01,3.162652704630158906e-01,1.004092585568821805e-01
8.408408408408408752e-01,3.135343984958759433e-01,1.237145862363042137e-01
8.708708708708708945e-01,3.111352840304814626e-01,1.467650906079460971e-01
9.009009009009009139e-01,3.090329811179335362e-01,1.695862897935554447e-01
9.309309309309309333e-01,3.071964055319155729e-01,1.922008305818383167e-01
9.609609609609609526e-01,3.055978901999962805e-01,2.146288244824411662e-01
9.909909909909909720e-01,3.042127797048013726e-01,2.368881542866274337e-01
1.021021021021021102e+00,3.030191023902812919e-01,2.589947195237704003e-01
1.051051051051051122e+00,3.019972582877343270e-01,2.809626710860078647e-01
1.081081081081081141e+00,3.011297585114636743e-01,3.028046055519064694e-01
1.111111111111111160e+00,3.004009865306944693e-01,3.245317434497693720e-01
1.141141141141141180e+00,2.997969908463280486e-01,3.461540834878541473e-01
1.171171171171171199e+00,2.993053038427738177e-01,3.676805370855054100e-01
1.201201201201201219e+00,2.989147778637318842e-01,3.891190497933926795e-01
1.231231231231231238e+00,2.986154413983198586e-01,4.104767076780158619e-01
1.261261261261261257e+00,2.983983723462494964e-01,4.317598308760512982e-01
1.291291291291291277e+00,2.982555846677688027e-01,4.529740571334107124e-01
1.321321321321321296e+00,2.981799265325176251e-01,4.741244168237957468e-01
1.351351351351351315e+00,2.981649930645547397e-01,4.952153969362110830e-01
1.381381381381381335e+00,2.982050450507585104e-01,5.162510008045410048e-01
1.411411411411411354e+00,2.982949395461141906e-01,5.372347988782076866e-01
1.441441441441441373e+00,2.984300654434287603e-01,5.581699759144833628e-01
1.471471471471471393e+00,2.986062887081872286e-01,5.790593709173531556e-01
1.501501501501501412e+00,2.988199010295761182e-01,5.999055146494797208e-01
1.531531531531531432e+00,2.990675764160410921e-01,6.207106612139318136e-01
1.561561561561561451e+00,2.993463303518971719e-01,6.414768178038238178e-01
1.591591591591591470e+00,2.996534849592674132e-01,6.622057699770820260e-01
1.621621621621621712e+00,2.999866365855408668e-01,6.828991052043075216e-01
1.651651651651651731e+00,3.003436281334285196e-01,7.035582328992635581e-01
1.681681681681681750e+00,3.007225231285777234e-01,7.241844032004799425e-01
1.711711711711711770e+00,3.011215834638817923e-01,7.447787230408128289e-01
1.741741741741741789e+00,3.015392490217531640e-01,7.653421708580430138e-01
1.771771771771771808e+00,3.019741194240397886e-01,7.858756097484518310e-01
1.801801801801801828e+00,3.024249369849735802e-01,8.063797997607007328e-01
1.831831831831831847e+00,3.028905742883747920e-01,8.268554067581699307e-01
1.861861861861861867e+00,3.033700194130911632e-01,8.473030130845479180e-01
1.891891891891891886e+00,3.038623646122641797e-01,8.677231256467302645e-01
1.921921921921921905e+00,3.043667965176244383e-01,8.881161829096503313e-01
1.951951951951951925e+00,3.048825867643767951e-01,9.084825615984901681e-01
1.981981981981981944e+00,3.054090817085695075e-01,9.288225840542051470e-01
2.012012012012012185e+00,3.059456976868228928e-01,9.491365215492968410e-01
2.042042042042042205e+00,3.064919119730672992e-01,9.694246007692780553e-01
2.072072072072072224e+00,3.070472580306394805e-01,9.896870071445209582e-01
2.102102102102102243e+00,3.076113200536224612e-01,1.009923888707536799e+00
2.132132132132132263e+00,3.081837269290714776e-01,1.030135360381543963e+00
2.162162162162162282e+00,3.087641496064381097e-01,1.050321505788105902e+00
2.192192192192192302e+00,3.093522954286445636e-01,1.070482381267281236e+00
2.222222222222222321e+00,3.099479057894778955e-01,1.090618017484033420e+00
2.252252252252252340e+00,3.105507523990232999e-01,1.110728422052420283e+00
2.282282282282282360e+00,3.111606344240919197e-01,1.130813581524519051e+00
2.312312312312312379e+00,3.117773768336812856e-01,1.150873462502688627e+00
2.342342342342342398e+00,3.124008264719677075e-01,1.170908014404757225e+00
2.372372372372372418e+00,3.130308510195383143e-01,1.190917170138157788e+00
2.402402402402402437e+00,3.136673372909509760e-01,1.210900847256230373e+00
2.432432432432432456e+00,3.143101886451404314e-01,1.230858949758792509e+00
2.462462462462462476e+00,3.149593244873477582e-01,1.250791368379281954e+00
2.492492492492492495e+00,3.156146784073997069e-01,1.270697981859294501e+00
2.522522522522522515e+00,3.162761967388875162e-01,1.290578657919920103e+00
2.552552552552552534e+00,3.169438381328090748e-01,1.310433253502274464e+00
2.582582582582582553e+00,3.176175718885830279e-01,1.330261615898142624e+00
2.612612612612612573e+00,3.182973773628067771e-01,1.350063583110830967e+00
2.642642642642642592e+00,3.189832433335434980e-01,1.369838984247882641e+00
2.672672672672672611e+00,3.196751668872664376e-01,1.389587640257730072e+00
2.702702702702702631e+00,3.203731531630767959e-01,1.409309364047091284e+00
2.732732732732732650e+00,3.210772146270586269e-01,1.429003960935714579e+00
2.762762762762762669e+00,3.217873703896290127e-01,1.448671229078637435e+00
2.792792792792792689e+00,3.225036460355313883e-01,1.468310959525730652e+00
2.822822822822822708e+00,3.232260728646204617e-01,1.487922936696170151e+00
2.852852852852852727e+00,3.239546878127323448e-01,1.507506938370759775e+00
2.882882882882882747e+00,3.246895333114999671e-01,1.527062735726965270e+00
2.912912912912912766e+00,3.254306568489235829e-01,1.546590093583370962e+00
2.942942942942942786e+00,3.261781100504907993e-01,1.566088770969365829e+00
2.972972972972972805e+00,3.269319490635255177e-01,1.585558520804806637e+00
3.003003003003002824e+00,3.276922341535554728e-01,1.604999090117821936e+00
3.033033033033032844e+00,3.284590296907392570e-01,1.624410219968353886e+00
3.063063063063062863e+00,3.292324044563018082e-01,1.643791645132565593e+00
3.093093093093092882e+00,3.300124304700733369e-01,1.663143094915463749e+00
3.123123123123122902e+00,3.307991830796804811e-01,1.682464293001030509e+00
3.153153153153152921e+00,3.315927416820612095e-01,1.701754956818471332e+00
3.183183183183182940e+00,3.323931894460117609e-01,1.721014797672126395e+00
3.213213213213213404e+00,3.332006124219059062e-01,1.740243521339873478e+00
3.243243243243243423e+00,3.340150998163899931e-01,1.759440827777172478e+00
3.273273273273273443e+00,3.348367446290776983e-01,1.778606410493068335e+00
3.303303303303303462e+00,3.356656429633947392e-01,1.797739957033416047e+00
3.333333333333333481e+00,3.365018938760302447e-01,1.816841149014316148e+00
3.363363363363363501e+00,3.373455995053760703e-01,1.835909661701353279e+00
3.393393393393393520e+00,3.381968660032512175e-01,1.854945164191567075e+00
3.423423423423423539e+00,3.390558020274930806e-01,1.873947318558029318e+00
3.453453453453453559e+00,3.399225195544595124e-01,1.892915780958322136e+00
3.483483483483483578e+00,3.407971341200732862e-01,1.911850200349267004e+00
3.513513513513513598e+00,3.416797648950418154e-01,1.930750218395446360e+00
3.543543543543543617e+00,3.425705336942414525e-01,1.949615470673961903e+00
3.573573573573573636e+00,3.434695654725931635e-01,1.968445586071365438e+00
3.603603603603603656e+00,3.443769883293271716e-01,1.987240186778471696e+00
3.633633633633633675e+00,3.452929335542426204e-01,2.005998888197970231e+00
3.663663663663663694e+00,3.462175380206280462e-01,2.024721294165416907e+00
3.693693693693693714e+00,3.471509420502046916e-01,2.043407001213250584e+00
3.723723723723723733e+00,3.480932884551656281e-01,2.062055600483982065e+00
3.753753753753753752e+00,3.490447234802476206e-01,2.080666675848739100e+00
3.783783783783783772e+00,3.500053968027308504e-01,2.099239803907265944e+00
3.813813813813813791e+00,3.509754619813989507e-01,2.117774552891020790e+00
3.843843843843843811e+00,3.519550800990993711e-01,2.136270473763625777e+00
3.873873873873873830e+00,3.529444145834620961e-01,2.154727112874952777e+00
3.903903903903903849e+00,3.539436320336840636e-01,2.173144009941109900e+00
3.933933933933933869e+00,3.549529028977232437e-01,2.191520696389916978e+00
3.963963963963963888e+00,3.559724014722984720e-01,2.209856695360901124e+00
3.993993993993993907e+00,3.570023076591803957e-01,2.228151517871174825e+00
4.024024024024024371e+00,3.580428106081151585e-01,2.246404654862633077e+00
4.054054054054054390e+00,3.590941006626523491e-01,2.264615594784867625e+00
4.084084084084084409e+00,3.601563723100191794e-01,2.282783817155355166e+00
4.114114114114114429e+00,3.612298244911403278e-01,2.300908791882655624e+00
4.144144144144144448e+00,3.623146606006381609e-01,2.318989979266411705e+00
4.174174174174174468e+00,3.634110925094498068e-01,2.337026822049684149e+00
4.204204204204204487e+00,3.645193409989838096e-01,2.355018744561169886e+00
4.234234234234234506e+00,3.656396291412610799e-01,2.372965165794353126e+00
4.264264264264264526e+00,3.667721854881760835e-01,2.390865493106340001e+00
4.294294294294294545e+00,3.679172443376505508e-01,2.408719121680511055e+00
4.324324324324324564e+00,3.690750499705414689e-01,2.426525425964438654e+00
4.354354354354354584e+00,3.702458521528084745e-01,2.444283768759254460e+00
4.384384384384384603e+00,3.714299058299950218e-01,2.461993501837051568e+00
4.414414414414414622e+00,3.726274721259976164e-01,2.479653963922540338e+00
4.444444444444444642e+00,3.738388204986642926e-01,2.497264476744908368e+00
4.474474474474474661e+00,3.750642339456164986e-01,2.514824335502980901e+00
4.504504504504504681e+00,3.763039991253763206e-01,2.532332826959095673e+00
4.534534534534534700e+00,3.775584096195268025e-01,2.549789223464220100e+00
4.564564564564564719e+00,3.788277663346954482e-01,2.567192782221705993e+00
4.594594594594594739e+00,3.801123838806285682e-01,2.584542733616950638e+00
4.624624624624624758e+00,3.814125881485432856e-01,2.601838285648425231e+00
4.654654654654654777e+00,3.827287101870804897e-01,2.619078635133211819e+00
4.684684684684684797e+00,3.840610896883491221e-01,2.636262961328377674e+00
4.714714714714714816e+00,3.854100760625089328e-01,2.653390423982854518e+00
4.744744744744744835e+00,3.867760384363587711e-01,2.670460145210885816e+00
4.774774774774774855e+00,3.881593531941424091e-01,2.687471232079438277e+00
4.804804804804804874e+00,3.895604052248928806e-01,2.704422774346878722e+00
4.834834834834834894e+00,3.909795896841681273e-01,2.721313841269101363e+00
4.864864864864864913e+00,3.924173163300096467e-01,2.738143474004360201e+00
4.894894894894894932e+00,3.938740163020156282e-01,2.754910673738564686e+00
4.924924924924924952e+00,3.953501285118966591e-01,2.771614425524544068e+00
4.954954954954954971e+00,3.968461044146789907e-01,2.788253689924056200e+00
4.984984984984984990e+00,3.983624137504453988e-01,2.804827392753969750e+00
5.015015015015015010e+00,3.998995432319051302e-01,2.821334427432263148e+00
5.045045045045045029e+00,4.014579914237173530e-01,2.837773664131379547e+00
5.075075075075075048e+00,4.030382720512742378e-01,2.854143943932273775e+00
5.105105105105105068e+00,4.046409250972916039e-01,2.870444060064592406e+00
5.135135135135135087e+00,4.062665064327614650e-01,2.886672775436516236e+00
5.165165165165165106e+00,4.079155867443217676e-01,2.902828824448140388e+00
5.195195195195195126e+00,4.095887567144291808e-01,2.918910904235246129e+00
5.225225225225225145e+00,4.112866385301908734e-01,2.934917655217730292e+00
5.255255255255255165e+00,4.130098693748673333e-01,2.950847689001325325e+00
5.285285285285285184e+00,4.147591054879939398e-01,2.966699581515412021e+00
5.315315315315315203e+00,4.165350313063582721e-01,2.982471857716994634e+00
5.345345345345345223e+00,4.183383653136218960e-01,2.998162981813835781e+00
5.375375375375375242e+00,4.201698425082678323e-01,3.013771386566954202e+00
5.405405405405405261e+00,4.220302216540761098e-01,3.029295461179982940e+00
5.435435435435435281e+00,4.239203003099774603e-01,3.044733526691888681e+00
5.465465465465465300e+00,4.258409089590635133e-01,3.060083845587577400e+00
5.495495495495495319e+00,4.277929027616894642e-01,3.075344635297567297e+00
5.525525525525525339e+00,4.297771758239730122e-01,3.090514044807543659e+00
5.555555555555555358e+00,4.317946590859490508e-01,3.105590158122573108e+00
5.585585585585585378e+00,4.338463128874808228e-01,3.120571006462442565e+00
5.615615615615615397e+00,4.359331433762678731e-01,3.135454541952852114e+00
5.645645645645645416e+00,4.380562026472221704e-01,3.150238637403361519e+00
5.675675675675675436e+00,4.402165756135107966e-01,3.164921107224210051e+00
5.705705705705705455e+00,4.424153989594377112e-01,3.179499677339032271e+00
5.735735735735735474e+00,4.446538652312097550e-01,3.193971978700959280e+00
5.765765765765765494e+00,4.469332047144491393e-01,3.208335576016916768e+00
5.795795795795795513e+00,4.492547067044399545e-01,3.222587934277560073e+00
5.825825825825825532e+00,4.516197288154687461e-01,3.236726404164660398e+00
5.855855855855855552e+00,4.540296722266988216e-01,3.250748260853614902e+00
5.885885885885885571e+00,4.564860036929257459e-01,3.264650669799737948e+00
5.915915915915915591e+00,4.589902728348724259e-01,3.278430660028958332e+00
5.945945945945945610e+00,4.615440862389529331e-01,3.292085164151548504e+00
5.975975975975975629e+00,4.641491359284388163e-01,3.305610974503219168e+00
6.006006006006005649e+00,4.668071878947659958e-01,3.319004760790412067e+00
6.036036036036035668e+00,4.695200889564309366e-01,3.332263059840811614e+00
6.066066066066065687e+00,4.722897912170850865e-01,3.345382238570931310e+00
6.096096096096095707e+00,4.751183241144346092e-01,3.358358536219465673e+00
6.126126126126125726e+00,4.780078341179736512e-01,3.371188004671273220e+00
6.156156156156155745e+00,4.809605708700681048e-01,3.383866529259481393e+00
6.186186186186185765e+00,4.839788894837139255e-01,3.396389825499864124e+00
6.216216216216215784e+00,4.870652905193181281e-01,3.408753379576042963e+00
6.246246246246245803e+00,4.902223795772554515e-01,3.420952508420408211e+00
6.276276276276275823e+00,4.934529204565129556e-01,3.432982281330413166e+00
6.306306306306305842e+00,4.967598233105975369e-01,3.444837537380937675e+00
6.336336336336335862e+00,5.001461366870750824e-01,3.456512897339939716e+00
6.366366366366365881e+00,5.036151100737177311e-01,3.468002672477636050e+00
6.396396396396395900e+00,5.071701575229071723e-01,3.479300917562436535e+00
6.426426426426426808e+00,5.108149001100374953e-01,3.490401369336257442e+00
6.456456456456456827e+00,5.145531492657435813e-01,3.501297470805582179e+00
6.486486486486486847e+00,5.183889629103822783e-01,3.511982290965025122e+00
6.516516516516516866e+00,5.223266174670966322e-01,3.522448564826011541e+00
6.546546546546546885e+00,5.263706724689685146e-01,3.532688601557084418e+00
6.576576576576576905e+00,5.305259404888151842e-01,3.542694327316175507e+00
6.606606606606606924e+00,5.347975620679709108e-01,3.552457179603881077e+00
6.636636636636636943e+00,5.391909720333214473e-01,3.561968154807715781e+00
6.666666666666666963e+00,5.437119861978967350e-01,3.571217686946691838e+00
6.696696696696696982e+00,5.483667628732243893e-01,3.580195701541411424e+00
6.726726726726727001e+00,5.531618958877838610e-01,3.588891486669627984e+00
6.756756756756757021e+00,5.581044127934512433e-01,3.597293695534048652e+00
6.786786786786787040e+00,5.632018243402214797e-01,3.605390278343875377e+00
6.816816816816817060e+00,5.684621558666752561e-01,3.613168439798633003e+00
6.846846846846847079e+00,5.738939949537529284e-01,3.620614573914240353e+00
6.876876876876877098e+00,5.795065582411823568e-01,3.627714173378649765e+00
6.906906906906907118e+00,5.853097095777873848e-01,3.634451805173854577e+00
6.936936936936937137e+00,5.913140639394837139e-01,3.640810970235496491e+00
6.966966966966967156e+00,5.975310246529870195e-01,3.646774054027313028e+00
6.996996996996997176e+00,6.039728532100812064e-01,3.652322232765787380e+00
7.027027027027027195e+00,6.106527837368965761e-01,3.657435321179018484e+00
7.057057057057057214e+00,6.175850962675107914e-01,3.662091675107196131e+00
7.087087087087087234e+00,6.247852031910751114e-01,3.666268077184951402e+00
7.117117117117117253e+00,6.322697893040730710e-01,3.669939552300133023e+00
7.147147147147147273e+00,6.400569225916286076e-01,3.673079222148153633e+00
7.177177177177177292e+00,6.481662119400712907e-01,3.675658098810706598e+00
7.207207207207207311e+00,6.566189176580936593e-01,3.677644940675643070e+00
7.237237237237237331e+00,6.654382031208408987e-01,3.679005925115659714e+00
7.267267267267267350e+00,6.746492785797033598e-01,3.679704462378023067e+00
7.297297297297297369e+00,6.842796668737970434e-01,3.679700851405889761e+00
7.327327327327327389e+00,6.943594105725516830e-01,3.678952014617285382e+00
7.357357357357357408e+00,7.049213786886373567e-01,3.677411103191269515e+00
7.387387387387387427e+00,7.160015805774180286e-01,3.675027095403250232e+00
7.417417417417417447e+00,7.276395380279445657e-01,3.671744321444714743e+00
7.447447447447447466e+00,7.398786759996386353e-01,3.667501965644267337e+00
7.477477477477477485e+00,7.527667840473964977e-01,3.662233480243016537e+00
7.507507507507507505e+00,7.663565486843528785e-01,3.655865910563743437e+00
7.537537537537537524e+00,7.807061097403799055e-01,3.648319190245640442e+00
7.567567567567567544e+00,7.958797570542123223e-01,3.639505261241313683e+00
7.597597597597597563e+00,8.119486463405485299e-01,3.629327169405315967e+00
7.627627627627627582e+00,8.289916335514515566e-01,3.617678011781616298e+00
7.657657657657657602e+00,8.470962209385162200e-01,3.604439742507234090e+00
7.687687687687687621e+00,8.663595912626902429e-01,3.589481866499215634e+00
7.717717717717717640e+00,8.868897762273623142e-01,3.572659959880946534e+00
7.747747747747747660e+00,9.088069220884996691e-01,3.553814061429763527e+00
7.777777777777777679e+00,9.322446777281943042e-01,3.532766901867874232e+00
7.807807807807807698e+00,9.573516718169692297e-01,3.509321995038655828e+00
7.837837837837837718e+00,9.842930362214102891e-01,3.483261644505000199e+00
7.867867867867867737e+00,1.013251987717328273e+00,3.454344841990513171e+00
7.897897897897897757e+00,1.044431419010940720e+00,3.422305119624147629e+00
7.927927927927927776e+00,1.078054814590755139e+00,3.386849004151186726e+00
7.957957957957957795e+00,1.114367289154536200e+00,3.347654362142139295e+00
7.987987987987987815e+00,1.153635519893986050e+00,3.304369812273623808e+00
8.018018018018018722e+00,1.196146490647795657e+00,3.256615348099606955e+00
8.048048048048048742e+00,1.242204315182768193e+00,3.203984946888730700e+00
8.078078078078078761e+00,1.292124214266561655e+00,3.146052160661445551e+00
8.108108108108108780e+00,1.346222477578184362e+00,3.082379957375847912e+00
8.138138138138138800e+00,1.404800781234913032e+00,3.012536593563134968e+00
8.168168168168168819e+00,1.468123167529491901e+00,2.936119397408234910e+00
8.198198198198198838e+00,1.536383718517289054e+00,2.852788683214209531e+00
8.228228228228228858e+00,1.609663277981762342e+00,2.762313753283301754e+00
8.258258258258258877e+00,1.687874672145279531e+00,2.664631871469863800e+00
8.288288288288288896e+00,1.770698020368860703e+00,2.559918949121850140e+00
8.318318318318318916e+00,1.857511466820686241e+00,2.448666840908240605e+00
8.348348348348348935e+00,1.947327857745861257e+00,2.331756721868350368e+00
8.378378378378378954e+00,2.038753942429989419e+00,2.210511544156548602e+00
8.408408408408408974e+00,2.129992174945532390e+00,2.086706542050314805e+00
8.438438438438438993e+00,2.218905081579299665e+00,1.962516211607594707e+00
8.468468468468469013e+00,2.303151553929722706e+00,1.840386359644477610e+00
8.498498498498499032e+00,2.380386477661105005e+00,1.722837720280524509e+00
8.528528528528529051e+00,2.448492020220549126e+00,1.612231339944049102e+00
8.558558558558559071e+00,2.505792996238954906e+00,1.510543046882782736e+00
8.588588588588589090e+00,2.551207914087638251e+00,1.419196631965100819e+00
8.618618618618619109e+00,2.584305885757852916e+00,1.338988015691014999e+00
8.648648648648649129e+00,2.605266799260422594e+00,1.270105899259588167e+00
8.678678678678679148e+00,2.614768917994339414e+00,1.212227380651274444e+00
8.708708708708709167e+00,2.613839724785778973e+00,1.164654336958354186e+00
8.738738738738739187e+00,2.603704863854239715e+00,1.126456293878937309e+00
8.768768768768769206e+00,2.585659097646946236e+00,1.096595531352743347e+00
8.798798798798799226e+00,2.560970247450412351e+00,1.074022596392328444e+00
8.828828828828829245e+00,2.530816956086280989e+00,1.057740363578995035e+00
8.858858858858859264e+00,2.496255009838368455e+00,1.046840960509880292e+00
8.888888888888889284e+00,2.458204554991311852e+00,1.040522473478924237e+00
8.918918918918919303e+00,2.417451681965697929e+00,1.038091443940966085e+00
8.948948948948949322e+00,2.374657864191867862e+00,1.038957323729773785e+00
8.978978978978979342e+00,2.330373556216238651e+00,1.042622423514231844e+00
9.009009009009009361e+00,2.285053010802413631e+00,1.048670207100088403e+00
9.039039039039039380e+00,2.239068753488552943e+00,1.056753486597733493e+00
9.069069069069069400e+00,2.192724801661470657e+00,1.066583454746276471e+00
9.099099099099099419e+00,2.146268322107351967e+00,1.077919906175924591e+00
9.129129129129129439e+00,2.099899605900762634e+00,1.090562815491981086e+00
9.159159159159159458e+00,2.053780471128904495e+00,1.104345212435322132e+00
9.189189189189189477e+00,2.008041260808028028e+00,1.119127233098255569e+00
9.219219219219219497e+00,1.962786574050772614e+00,1.134791237665841557e+00
9.249249249249249516e+00,1.918100033734150944e+00,1.151237750602860377e+00
9.279279279279279535e+00,1.874048137817647675e+00,1.168382175708974069e+00
9.309309309309309555e+00,1.830683414312184842e+00,1.186152106361948011e+00
9.339339339339339574e+00,1.788046994748912821e+00,1.204485131592355929e+00
9.369369369369369593e+00,1.746170715487534997e+00,1.223327045120879752e+00
9.399399399399399613e+00,1.705078827755827309e+00,1.242630387707736705e+00
9.429429429429429632e+00,1.664789389993347468e+00,1.262353260551399403e+00
9.459459459459459651e+00,1.625315408940936290e+00,1.282458352609195273e+00
9.489489489489489671e+00,1.586665771008658021e+00,1.302912146427984919e+00
9.519519519519519690e+00,1.548846005998296471e+00,1.323684266625827943e+00
9.549549549549549710e+00,1.511858909234743864e+00,1.344746948830775723e+00
9.579579579579579729e+00,1.475705053029660929e+00,1.366074602726082388e+00
9.609609609609609748e+00,1.440383185903113983e+00,1.387643470733702200e+00
9.639639639639639768e+00,1.405890600258992151e+00,1.409431313922740792e+00
9.669669669669669787e+00,1.372223389331722165e+00,1.431417191875105077e+00
9.699699699699699806e+00,1.339376671657079410e+00,1.453581270637092304e+00
9.729729729729729826e+00,1.307344779931947976e+00,1.475904661735726764e+00
9.759759759759759845e+00,1.276121397464071494e+00,1.498369305963121567e+00
9.789789789789789864e+00,1.245699674433412119e+00,1.520957875075870991e+00
9.819819819819819884e+00,1.216072320596798040e+00,1.543653694090566075e+00
9.849849849849849903e+00,1.187231670706818454e+00,1.566440687492939521e+00
9.879879879879879923e+00,1.159169739358261841e+00,1.589303335182904675e+00
9.909909909909909942e+00,1.131878261304391398e+00,1.612226641394961080e+00
9.939939939939939961e+00,1.105348705969536161e+00,1.635196126278781525e+00
9.969969969969969981e+00,1.079572318140579412e+00,1.658197796120118195e+00
1.000000000000000000e+01,1.054540108537209475e+00,1.681218156572295452e+00
1.003003003003003002e+01,1.030242875171736072e+00,1.704244200001573395e+00
1.006006006006006004e+01,1.006671191700993839e+00,1.727263421971571677e+00
1.009009009009009006e+01,9.838154189376284720e-01,1.750263817864458282e+00
1.012012012012012008e+01,9.616656916232966257e-01,1.773233901486445996e+00
1.015015015015015010e+01,9.402119238881041507e-01,1.796162707159584038e+00
1.018018018018018012e+01,9.194437982850126589e-01,1.819039806915232926e+00
1.021021021021021014e+01,8.993507696074878321e-01,1.841855313903862035e+00
1.024024024024024015e+01,8.799220577199576843e-01,1.864599896353516639e+00
1.027027027027027017e+01,8.611466522524262590e-01,1.887264779900824641e+00
1.030030030030030019e+01,8.430133112486184466e-01,1.909841755916366957e+00
1.033033033033033021e+01,8.255105696206954669e-01,1.932323179557756898e+00
1.036036036036036023e+01,8.086267358649309456e-01,1.954701980717711951e+00
1.039039039039039025e+01,7.923499081019608203e-01,1.976971653730683842e+00
1.042042042042042027e+01,7.766679937568283787e-01,1.999126243049396123e+00
1.045045045045045029e+01,7.615686969799909667e-01,2.021160364529714037e+00
1.048048048048048031e+01,7.470395624337949902e-01,2.043069163386225906e+00
1.051051051051051033e+01,7.330679824523719246e-01,2.064848313677701164e+00
1.054054054054054035e+01,7.196411995905207526e-01,2.086494022725904784e+00
1.057057057057057037e+01,7.067463614658742177e-01,2.108002973185032491e+00
1.060060060060060039e+01,6.943705157350616997e-01,2.129372337879169130e+00
1.063063063063063041e+01,6.825006357537621859e-01,2.150599755674297064e+00
1.066066066066066043e+01,6.711236654024910209e-01,2.171683281141110644e+00
1.069069069069069045e+01,6.602265186688193177e-01,2.192621396927467714e+00
1.072072072072072046e+01,6.497961166851506931e-01,2.213412969657558627e+00
1.075075075075075048e+01,6.398194160613553949e-01,2.234057219552883833e+00
1.078078078078078050e+01,6.302834242734938197e-01,2.254553713226583156e+00
1.081081081081081052e+01,6.211752291056199526e-01,2.274902320478763951e+00
1.084084084084084054e+01,6.124820225181014655e-01,2.295103194344227937e+00
1.087087087087087056e+01,6.041911232534898923e-01,2.315156748150844379e+00
1.090090090090090058e+01,5.962899924995255230e-01,2.335063624553472383e+00
1.093093093093093060e+01,5.887662640725709329e-01,2.354824672158533971e+00
1.096096096096096062e+01,5.816077591832894411e-01,2.374440921749572997e+00
1.099099099099099064e+01,5.748024958792630201e-01,2.393913564711716457e+00
1.102102102102102066e+01,5.683387236778043583e-01,2.413243923029392946e+00
1.105105105105105068e+01,5.622049213840203397e-01,2.432433436275007743e+00
1.108108108108108070e+01,5.563898144345578167e-01,2.451483638301724000e+00
1.111111111111111072e+01,5.508823999432076457e-01,2.470396129766355919e+00
1.114114114114114074e+01,5.456719333560093865e-01,2.489172575700473455e+00
1.117117117117117076e+01,5.407479558445547063e-01,2.507814675139453442e+00
1.120120120120120077e+01,5.361003020114869511e-01,2.526324145078979733e+00
1.123123123123123079e+01,5.317190863095438980e-01,2.544702720719941080e+00
1.126126126126126081e+01,5.275947320244430694e-01,2.562952122640728803e+00
1.129129129129129083e+01,5.237179617058107528e-01,2.581074055222437824e+00
1.132132132132132085e+01,5.200797930878547914e-01,2.599070200516770068e+00
1.135135135135135087e+01,5.166715607811821487e-01,2.616942190100452148e+00
1.138138138138138089e+01,5.134849088272842588e-01,2.634691602004138211e+00
1.141141141141141091e+01,5.105117777547314439e-01,2.652319964832929422e+00
1.144144144144144093e+01,5.077444068259393539e-01,2.669828744594310521e+00
1.147147147147147095e+01,5.051753266627793115e-01,2.687219341459043509e+00
1.150150150150150097e+01,5.027973615196819068e-01,2.704493080677273120e+00
1.153153153153153099e+01,5.006036532522931681e-01,2.721651187676778605e+00
1.156156156156156101e+01,4.985876305864505031e-01,2.738694802729498612e+00
1.159159159159159103e+01,4.967430036132543525e-01,2.755624977102399065e+00
1.162162162162162105e+01,4.950637511285996273e-01,2.772442674699483245e+00
1.165165165165165106e+01,4.935441236517780772e-01,2.789148763651607688e+00
1.168168168168168108e+01,4.921786456466220594e-01,2.805744008498705089e+00
1.171171171171171110e+01,4.909621069689329986e-01,2.822229070011189833e+00
1.174174174174174112e+01,4.898895516811666573e-01,2.838604507024683254e+00
1.177177177177177114e+01,4.889562725434309365e-01,2.854870774166627267e+00
1.180180180180180116e+01,4.881578055883936673e-01,2.871028220525579933e+00
1.183183183183183118e+01,4.874899239676523943e-01,2.887077088597581387e+00
1.186186186186186120e+01,4.869486337811177457e-01,2.903017511367189663e+00
1.189189189189189122e+01,4.865301654001161213e-01,2.918849513945988239e+00
1.192192192192192124e+01,4.862309683171246455e-01,2.934573012181002305e+00
1.195195195195195126e+01,4.860477065244130368e-01,2.950187811085537071e+00
1.198198198198198128e+01,4.859772509808148455e-01,2.965693605777707020e+00
1.201201201201201130e+01,4.860166751652116868e-01,2.981089979686681879e+00
1.204204204204204132e+01,4.861632498345959674e-01,2.996376403747682549e+00
1.207207207207207134e+01,4.864144371202139827e-01,3.011552236670371752e+00
1.210210210210210136e+01,4.867678872262132250e-01,3.026616722377083235e+00
1.213213213213213137e+01,4.872214325747946662e-01,3.041568990440143949e+00
1.216216216216216139e+01,4.877730828074197666e-01,3.056408055773011334e+00
1.219219219219219141e+01,4.884210208322805058e-01,3.071132817329790488e+00
1.222222222222222143e+01,4.891636028511318623e-01,3.085742052125352242e+00
1.225225225225225145e+01,4.899993516557338835e-01,3.100234417642079077e+00
1.228228228228228147e+01,4.909269528853537623e-01,3.114608450835625764e+00
1.231231231231231149e+01,4.919452528362456833e-01,3.128862565354718406e+00
1.234234234234234151e+01,4.930532585963106618e-01,3.142995045141018462e+00
1.237237237237237153e+01,4.942501334453923700e-01,3.157004045776202972e+00
1.240240240240240155e+01,4.955351949226022290e-01,3.170887591909504089e+00
1.243243243243243157e+01,4.969079138725338574e-01,3.184643573369232428e+00
1.246246246246246159e+01,4.983679156733669680e-01,3.198269737696470383e+00
1.249249249249249161e+01,4.999149773331142965e-01,3.211763690300230678e+00
1.252252252252252163e+01,5.015490273391339793e-01,3.225122890098123030e+00
1.255255255255255165e+01,5.032701463027496880e-01,3.238344644038545272e+00
1.258258258258258167e+01,5.050785697702768751e-01,3.251426097841089380e+00
1.261261261261261168e+01,5.069746869458152672e-01,3.264364234919378216e+00
1.264264264264264170e+01,5.089590424743357655e-01,3.277155869855946868e+00
1.267267267267267172e+01,5.110323390768861662e-01,3.289797640689465119e+00
1.270270270270270174e+01,5.131954428284095648e-01,3.302285996749867003e+00
1.273273273273273176e+01,5.154493831061736087e-01,3.314617196580303737e+00
1.276276276276276178e+01,5.177953567353884567e-01,3.326787298551719729e+00
1.279279279279279180e+01,5.202347332457044615e-01,3.338792149987960478e+00
1.282282282282282360e+01,5.227690635533644992e-01,3.350627370920344461e+00
1.285285285285285362e+01,5.254000808393659572e-01,3.362288351081360815e+00
1.288288288288288364e+01,5.281297077809866680e-01,3.373770236632629871e+00
1.291291291291291365e+01,5.309600653969753781e-01,3.385067914752657892e+00
1.294294294294294367e+01,5.338934862714378449e-01,3.396175991753470402e+00
1.297297297297297369e+01,5.369325161559697079e-01,3.407088789235332982e+00
1.300300300300300371e+01,5.400799254027877083e-01,3.417800325380012438e+00
1.303303303303303373e+01,5.433387229512779415e-01,3.428304292870043568e+00
1.306306306306306375e+01,5.467121755541897166e-01,3.438594029413901687e+00
1.309309309309309377e+01,5.502038100181005920e-01,3.448662512975428029e+00
1.312312312312312379e+01,5.538174305220757709e-01,3.458502335368950131e+00
1.315315315315315381e+01,5.575571402845586055e-01,3.468105670116214512e+00
1.318318318318318383e+01,5.614273686731201529e-01,3.477464232874845518e+00
1.321321321321321385e+01,5.654328742290488652e-01,3.486569275378258670e+00
1.324324324324324387e+01,5.695787703967239990e-01,3.495411547991225554e+00
1.327327327327327389e+01,5.738705567591804169e-01,3.503981255128151506e+00
1.330330330330330391e+01,5.783141571568642947e-01,3.512268001471710921e+00
1.333333333333333393e+01,5.829159313077654225e-01,3.520260773926331854e+00
1.336336336336336394e+01,5.876827139338103301e-01,3.527947886683674650e+00
1.339339339339339396e+01,5.926218581204094615e-01,3.535316920967257026e+00
1.342342342342342398e+01,5.977412640814628864e-01,3.542354683837464879e+00
1.345345345345345400e+01,6.030494227663437679e-01,3.549047147606278152e+00
1.348348348348348402e+01,6.085554880200052530e-01,3.555379352245458424e+00
1.351351351351351404e+01,6.142693111356871682e-01,3.561335356455624268e+00
1.354354354354354406e+01,6.202014933521267093e-01,3.566898165450873570e+00
1.357357357357357408e+01,6.263634758884103482e-01,3.572049610043035450e+00
1.360360360360360410e+01,6.327676066290708334e-01,3.576770255953556354e+00
1.363363363363363412e+01,6.394271986173613032e-01,3.581039323705600186e+00
1.366366366366366414e+01,6.463566366922289808e-01,3.584834546621672224e+00
1.369369369369369416e+01,6.535715032548730097e-01,3.588132004582557322e+00
1.372372372372372418e+01,6.610886561288407126e-01,3.590906018380505493e+00
1.375375375375375420e+01,6.689263669436220638e-01,3.593128966782255684e+00
1.378378378378378422e+01,6.771044485931669854e-01,3.594771117566240015e+00
1.381381381381381424e+01,6.856444066027546080e-01,3.595800428309534613e+00
1.384384384384384425e+01,6.945696479609506646e-01,3.596182274830307168e+00
1.387387387387387427e+01,7.039056250005223392e-01,3.595879260413742617e+00
1.390390390390390429e+01,7.136800822163850144e-01,3.594850895129479973e+00
1.393393393393393431e+01,7.239232926470055007e-01,3.593053288179040017e+00
1.396396396396396433e+01,7.346682918717069022e-01,3.590438843388931378e+00
1.399399399399399435e+01,7.459512355082197343e-01,3.586955799327119720e+00
1.402402402402402437e+01,7.578117021049196600e-01,3.582547837158468251e+00
1.405405405405405439e+01,7.702930768147051577e-01,3.577153585624466725e+00
1.408408408408408441e+01,7.834429526584064662e-01,3.570706104610193332e+00
1.411411411411411443e+01,7.973136283639802313e-01,3.563132246547241699e+00
1.414414414414414445e+01,8.119626181432489931e-01,3.554352002146345058e+00
1.417417417417417447e+01,8.274532340223803573e-01,3.544277751482932892e+00
1.420420420420420449e+01,8.438552375584109644e-01,3.532813427223240765e+00
1.423423423423423451e+01,8.612455358279201834e-01,3.519853619276385182e+00
1.426426426426426453e+01,8.797089891681849627e-01,3.505282532505928028e+00
1.429429429429429455e+01,8.993392261828536682e-01,3.488972933191151871e+00
1.432432432432432456e+01,9.202395894497029660e-01,3.470784908928232770e+00
1.435435435435435458e+01,9.425240819893264677e-01,3.450564636253700801e+00
1.438438438438438460e+01,9.663183506584094307e-01,3.428143041869469165e+00
1.441441441441441462e+01,9.917607625928579473e-01,3.403334380231362033e+00
1.444444444444444464e+01,1.019003224170869082e+00,3.375935004815930895e+00
1.447447447447447466e+01,1.048212044403070919e+00,3.345722086627297198e+00
1.450450450450450468e+01,1.079568525378357347e+00,3.312452591967885329e+00
1.453453453453453470e+01,1.113269054029748073e+00,3.275862728328354567e+00
1.456456456456456472e+01,1.149524446396442912e+00,3.235668156407770724e+00
1.459459459459459474e+01,1.188558582288362420e+00,3.191564943404877841e+00
1.462462462462462476e+01,1.230605226961221987e+00,3.143232386153958835e+00
1.465465465465465478e+01,1.275903004486501180e+00,3.090337816090489298e+00
1.468468468468468480e+01,1.324687497212264420e+00,3.032544460030141664e+00
1.471471471471471482e+01,1.377179491572283476e+00,2.969523458541069694e+00
1.474474474474474484e+01,1.433568640181487774e+00,2.900970870097506982e+00
1.477477477477477485e+01,1.493991030746107729e+00,2.826631365155627407e+00
1.480480480480480487e+01,1.558500155851328062e+00,2.746329281043990989e+00
1.483483483483483489e+01,1.627030837259626717e+00,2.660007701832465266e+00
1.486486486486486491e+01,1.699357055984417997e+00,2.567774812821661090e+00
1.489489489489489493e+01,1.775046552873495553e+00,2.469954810593043781e+00
1.492492492492492495e+01,1.853417699205895275e+00,2.367137887336793423e+00
1.495495495495495497e+01,1.933507149574077877e+00,2.260220593066128103e+00
1.498498498498498499e+01,2.014059578281748752e+00,2.150424784153746049e+00
1.501501501501501501e+01,2.093551341789358755e+00,2.039282466564517282e+00
1.504504504504504503e+01,2.170256415245094050e+00,1.928577046516361637e+00
1.507507507507507505e+01,2.242356009656305993e+00,1.820238241958095582e+00
1.510510510510510507e+01,2.308081117927726300e+00,1.716200243192190111e+00
1.513513513513513509e+01,2.365866129059808198e+00,1.618244289078118792e+00
1.516516516516516511e+01,2.414485040541435978e+00,1.527854221841690618e+00
1.519519519519519513e+01,2.453143860442697832e+00,1.446112365205735273e+00
1.522522522522522515e+01,2.481514025101724030e+00,1.373652474104040344e+00
1.525525525525525516e+01,2.499706577253648199e+00,1.310671835097577897e+00
1.528528528528528518e+01,2.508200535671706088e+00,1.256990674845132494e+00
1.531531531531531520e+01,2.507746155067951399e+00,1.212139271966684140e+00
1.534534534534534522e+01,2.499263143418875899e+00,1.175453133089512825e+00
1.537537537537537524e+01,2.483749422744104152e+00,1.146160547217596193e+00
1.540540540540540526e+01,2.462208781361030940e+00,1.123453727026964666e+00
1.543543543543543528e+01,2.435599715083773376e+00,1.106540613217093627e+00
1.546546546546546530e+01,2.404803689579922743e+00,1.094678491105245843e+00
1.549549549549549532e+01,2.370608971448344704e+00,1.087192749262410496e+00
1.552552552552552534e+01,2.333705780962077370e+00,1.083484621484685828e+00
1.555555555555555536e+01,2.294688904149919662e+00,1.083031495118022880e+00
1.558558558558558538e+01,2.254064682201056602e+00,1.085382690564342223e+00
1.561561561561561540e+01,2.212260126508823088e+00,1.090152865731208065e+00
1.564564564564564542e+01,2.169632822667963534e+00,1.097014350192326404e+00
1.567567567567567544e+01,2.126480555902394709e+00,1.105689456730176934e+00
1.570570570570570545e+01,2.083050227297804646e+00,1.115943224827322888e+00
1.573573573573573547e+01,2.039545821775987200e+00,1.127576858695884088e+00
1.576576576576576549e+01,1.996135360017653460e+00,1.140421957280145282e+00
1.579579579579579551e+01,1.952956841503524110e+00,1.154335559605569328e+00
1.582582582582582553e+01,1.910123302111306876e+00,1.169195910504867486e+00
1.585585585585585555e+01,1.867727050062242267e+00,1.184898909064178607e+00
1.588588588588588557e+01,1.825843207734581863e+00,1.201355133870250391e+00
1.591591591591591559e+01,1.784532658317578013e+00,1.218487367249449393e+00
1.594594594594594561e+01,1.743844492952386416e+00,1.236228538028137924e+00
1.597597597597597563e+01,1.703818040407840018e+00,1.254520014682213080e+00
1.600600600600600742e+01,1.664484543869452660e+00,1.273310195413405843e+00
1.603603603603603744e+01,1.625868552132701650e+00,1.292553338491948978e+00
1.606606606606606746e+01,1.587989052113366828e+00,1.312208610279581578e+00
1.609609609609609748e+01,1.550860462492757330e+00,1.332239250536042530e+00
1.612612612612612750e+01,1.514493380646627640e+00,1.352611943986241627e+00
1.615615615615615752e+01,1.478895255961888866e+00,1.373296254606775069e+00
1.618618618618618754e+01,1.444070914206734058e+00,1.394264185984763760e+00
1.621621621621621756e+01,1.410023012690720057e+00,1.415489799129151294e+00
1.624624624624624758e+01,1.376752406174595489e+00,1.436948905894270823e+00
1.627627627627627760e+01,1.344258449439115655e+00,1.458618815493586851e+00
1.630630630630630762e+01,1.312539245126192577e+00,1.480478128070990662e+00
1.633633633633633764e+01,1.281591848153734725e+00,1.502506564739497064e+00
1.636636636636636766e+01,1.251412430212752946e+00,1.524684831750698910e+00
1.639639639639639768e+01,1.221996413244814672e+00,1.546994511388836591e+00
1.642642642642642770e+01,1.193338585896589255e+00,1.569417967727528840e+00
1.645645645645645772e+01,1.165433173366434261e+00,1.591938291883665757e+00
1.648648648648648773e+01,1.138273921074050232e+00,1.614539236599795924e+00
1.651651651651651775e+01,1.111854134849782572e+00,1.637205187859526179e+00
1.654654654654654777e+01,1.086166731706658783e+00,1.659921128270003488e+00
1.657657657657657779e+01,1.061204262024896705e+00,1.682672624653600346e+00
1.660660660660660781e+01,1.036958938306939748e+00,1.705445811038719395e+00
1.663663663663663783e+01,1.013422647170460822e+00,1.728227385758226209e+00
1.666666666666666785e+01,9.905869643990491413e-01,1.751004606589173784e+00
1.669669669669669787e+01,9.684431605642230823e-01,1.773765293891857331e+00
1.672672672672672789e+01,9.469822089494217554e-01,1.796497832113730597e+00
1.675675675675675791e+01,9.261947888393670114e-01,1.819191175070368205e+00
1.678678678678678793e+01,9.060712906486433349e-01,1.841834849771412319e+00
1.681681681681681795e+01,8.866018194651542617e-01,1.864418961380529538e+00
1.684684684684684797e+01,8.677762004127621553e-01,1.886934196404678854e+00
1.687687687687687799e+01,8.495839835271797869e-01,1.909371825961802660e+00
1.690690690690690801e+01,8.320144531139221922e-01,1.931723704842384315e+00
1.693693693693693803e+01,8.150566398016055869e-01,1.953982267787484073e+00
1.696696696696696804e+01,7.986993223255771657e-01,1.976140533750954997e+00
1.699699699699699806e+01,7.829310484696327954e-01,1.998192093340908526e+00
1.702702702702702808e+01,7.677401500458201911e-01,2.020131100638352883e+00
1.705705705705705810e+01,7.531147526764859768e-01,2.041952268998839415e+00
1.708708708708708812e+01,7.390428027005846445e-01,2.063650850677304582e+00
1.711711711711711814e+01,7.255120836440237531e-01,2.085222625263921437e+00
1.714714714714714816e+01,7.125102352475612966e-01,2.106663885013640325e+00
1.717717717717717818e+01,7.000247820799203602e-01,2.127971410386715334e+00
1.720720720720720820e+01,6.880431529528858725e-01,2.149142453810870990e+00
1.723723723723723822e+01,6.765527065786567373e-01,2.170174716401518378e+00
1.726726726726726824e+01,6.655407586682653420e-01,2.191066322448274040e+00
1.729729729729729826e+01,6.549946043944325780e-01,2.211815798329490157e+00
1.732732732732732828e+01,6.449015455683185793e-01,2.232422045145353806e+00
1.735735735735735830e+01,6.352489158932621560e-01,2.252884312879539053e+00
1.738738738738738832e+01,6.260241046824783773e-01,2.273202175824503346e+00
1.741741741741741833e+01,6.172145816714301736e-01,2.293375505123183444e+00
1.744744744744744835e+01,6.088079202066679629e-01,2.313404443100430807e+00
1.747747747747747837e+01,6.007918195653446647e-01,2.333289377746235793e+00
1.750750750750750839e+01,5.931541255569311444e-01,2.353030917463576177e+00
1.753753753753753841e+01,5.858828524381444192e-01,2.372629865309003439e+00
1.756756756756756843e+01,5.789661997215922451e-01,2.392087196241142522e+00
1.759759759759759845e+01,5.723925674895639082e-01,2.411404035338494900e+00
1.762762762762762847e+01,5.661505709522860474e-01,2.430581636617166641e+00
1.765765765765765849e+01,5.602290617839699172e-01,2.449621357105387531e+00
1.768768768768768851e+01,5.546171426089067102e-01,2.468524635815083190e+00
1.771771771771771853e+01,5.493041657159396518e-01,2.487292983917851696e+00
1.774774774774774855e+01,5.442797453219303527e-01,2.505927965706117977e+00
1.777777777777777857e+01,5.395337686075928341e-01,2.524431179937918657e+00
1.780780780780780859e+01,5.350564155693611212e-01,2.542804233888046994e+00
1.783783783783783861e+01,5.308381492400728874e-01,2.561048742187907123e+00
1.786786786786786863e+01,5.268697248765298324e-01,2.579166309968707882e+00
1.789789789789789864e+01,5.231421897611769900e-01,2.597158522511936241e+00
1.792792792792792866e+01,5.196468854128643011e-01,2.615026934734166364e+00
1.795795795795795868e+01,5.163754479648694495e-01,2.632773062284475163e+00
1.798798798798798870e+01,5.133198089373744999e-01,2.650398371773226902e+00
1.801801801801801872e+01,5.104722034979152223e-01,2.667904265237803774e+00
1.804804804804804874e+01,5.078251579860592058e-01,2.685292082247362266e+00
1.807807807807807876e+01,5.053714908524973293e-01,2.702563091020181663e+00
1.810810810810810878e+01,5.031043078216272946e-01,2.719718482842639062e+00
1.813813813813813880e+01,5.010169987643087186e-01,2.736759367295923173e+00
1.816816816816816882e+01,4.991032340486648011e-01,2.753686768202211699e+00
1.819819819819819884e+01,4.973569596084525535e-01,2.770501619723510167e+00
1.822822822822822886e+01,4.957723933660576066e-01,2.787204761513035312e+00
1.825825825825825888e+01,4.943440183795683174e-01,2.803796937843847203e+00
1.828828828828828890e+01,4.930665778936172416e-01,2.820278794688249491e+00
1.831831831831831892e+01,4.919350692561463845e-01,2.836650877741169197e+00
1.834834834834834894e+01,4.909447384004296255e-01,2.852913630616900953e+00
1.837837837837837895e+01,4.900910744128874064e-01,2.869067393254109088e+00
1.840840840840840897e+01,4.893698033581472262e-01,2.885112400676832944e+00
1.843843843843843899e+01,4.887768811850390915e-01,2.901048782077265464e+00
1.846846846846846901e+01,4.883084893878691379e-01,2.916876559459411045e+00
1.849849849849849903e+01,4.879610290302151543e-01,2.932595646683851864e+00
1.852852852852852905e+01,4.877311143416033778e-01,2.948205849242985455e+00
1.855855855855855907e+01,4.876155675011054069e-01,2.963706863232402622e+00
1.858858858858858909e+01,4.876114138601838066e-01,2.979098274113434197e+00
1.861861861861861911e+01,4.877158763245132977e-01,2.994379556180840396e+00
1.864864864864864913e+01,4.879263690457402713e-01,3.009550072376438123e+00
1.867867867867867915e+01,4.882404949215328194e-01,3.024609072118743303e+00
1.870870870870870917e+01,4.886560408858304227e-01,3.039555690311991132e+00
1.873873873873873919e+01,4.891709739678745117e-01,3.054388945951690193e+00
1.876876876876876921e+01,4.897834337774911728e-01,3.069107742931853178e+00
1.879879879879879923e+01,4.904917310860700819e-01,3.083710867124948241e+00
1.882882882882882924e+01,4.912943459190063367e-01,3.098196983742225186e+00
1.885885885885885926e+01,4.921899237852545572e-01,3.112564635799217161e+00
1.888888888888888928e+01,4.931772723174568940e-01,3.126812242408759435e+00
1.891891891891891930e+01,4.942553572824387453e-01,3.140938097535933782e+00
1.894894894894894932e+01,4.954233033060194136e-01,3.154940365246992062e+00
1.897897897897897934e+01,4.966803914124799935e-01,3.168817077289866280e+00
1.900900900900900936e+01,4.980260577383308074e-01,3.182566129746653427e+00
1.903903903903903938e+01,4.994598910791070989e-01,3.196185280172770593e+00
1.906906906906906940e+01,5.009816335668537679e-01,3.209672142883490231e+00
1.909909909909909942e+01,5.025911807473765203e-01,3.223024184399728931e+00
1.912912912912912944e+01,5.042885815985114206e-01,3.236238718744026244e+00
1.915915915915915946e+01,5.060740391906053404e-01,3.249312901992602587e+00
1.918918918918918948e+01,5.079479117837966129e-01,3.262243726337973548e+00
1.921921921921921950e+01,5.099107146399167734e-01,3.275028014072334237e+00
1.924924924924924952e+01,5.119631220693969809e-01,3.287662410663933610e+00
1.927927927927927954e+01,5.141059701379918634e-01,3.300143377238299980e+00
1.930930930930930955e+01,5.163402608292054774e-01,3.312467181033575514e+00
1.933933933933933957e+01,5.186671649620657742e-01,3.324629887968885367e+00
1.936936936936936959e+01,5.210880265954902502e-01,3.336627353128368778e+00
1.939939939939939961e+01,5.236043680960227320e-01,3.348455210421088069e+00
1.942942942942942963e+01,5.262178972604801830e-01,3.360108859596335762e+00
1.945945945945945965e+01,5.289305143015816668e-01,3.371583453505115013e+00
1.948948948948948967e+01,5.317443172037904509e-01,3.382873887591586914e+00
1.951951951951951969e+01,5.346616105763316584e-01,3.393974784770040110e+00
1.954954954954954971e+01,5.376849151525777692e-01,3.404880479516831482e+00
1.957957957957957973e+01,5.408169818274366492e-01,3.415584996126139750e+00
1.960960960960960975e+01,5.440607985667441637e-01,3.426082036118140550e+00
1.963963963963963977e+01,5.474196033356552027e-01,3.436364957890827743e+00
1.966966966966966979e+01,5.508968977313464244e-01,3.446426755439561340e+00
1.969969969969969981e+01,5.544964669375468391e-01,3.456260028943581197e+00
1.972972972972972983e+01,5.582223954822899126e-01,3.465856960676814591e+00
1.975975975975975985e+01,5.620790812769964617e-01,3.475209293061739313e+00
1.978978978978978986e+01,5.660712571887104305e-01,3.484308297012293831e+00
1.981981981981981988e+01,5.702040149479428166e-01,3.493144737222501295e+00
1.984984984984984990e+01,5.744828391363613340e-01,3.501708824497576256e+00
1.987987987987987992e+01,5.789136214525969493e-01,3.509990193167464856e+00
1.990990990990990994e+01,5.835026925849895463e-01,3.517977855915694452e+00
1.993993993993993996e+01,5.882568541153671005e-01,3.525660158456386473e+00
1.996996996996996998e+01,5.931834260789982105e-01,3.533024714194510363e+00
2.000000000000000000e+01,5.982902833821357458e-01,3.540058352888133530e+00
2.003003003003003002e+01,6.035858939173319726e-01,3.546747066997295139e+00
2.006006006006006004e+01,6.090793702587200542e-01,3.553075940609227601e+00
2.009009009009009006e+01,6.147805274522816221e-01,3.559029070367863756e+00
2.012012012012012008e+01,6.206999366812754326e-01,3.564589491589210013e+00
2.015015015015015010e+01,6.268489885665774475e-01,3.569739091867840663e+00
2.018018018018018012e+01,6.332399722299627554e-01,3.574458504750231302e+00
2.021021021021021014e+01,6.398861713222698810e-01,3.578726981988013645e+00
2.024024024024024015e+01,6.468019282894196254e-01,3.582522304833891891e+00
2.027027027027027017e+01,6.540027479021743861e-01,3.585820646167540815e+00
2.030030030030030019e+01,6.615054261753587905e-01,3.588596399830308314e+00
2.033033033033033021e+01,6.693281682532731258e-01,3.590822023893321724e+00
2.036036036036036023e+01,6.774907073095127741e-01,3.592467882492707432e+00
2.039039039039039025e+01,6.860144596140366202e-01,3.593502041551530191e+00
2.042042042042042027e+01,6.949227278015320808e-01,3.593890004825094575e+00
2.045045045045045029e+01,7.042408732508100844e-01,3.593594487127009351e+00
2.048048048048048031e+01,7.139965270624982763e-01,3.592575139047881283e+00
2.051051051051051033e+01,7.242198257895471336e-01,3.590788238762514517e+00
2.054054054054054035e+01,7.349436723215658773e-01,3.588186354071974726e+00
2.057057057057057037e+01,7.462040323025981303e-01,3.584717958654830117e+00
2.060060060060060039e+01,7.580403058847740017e-01,3.580326955186461824e+00
2.063063063063063041e+01,7.704956591448808290e-01,3.574952245762581970e+00
2.066066066066066043e+01,7.836174498966119728e-01,3.568527184088578608e+00
2.069069069069069045e+01,7.974577131527651463e-01,3.560978949330626975e+00
2.072072072072072046e+01,8.120736499680667464e-01,3.552227920436642261e+00
2.075075075075075048e+01,8.275282158304202440e-01,3.542186919509047627e+00
2.078078078078078050e+01,8.438907787549025930e-01,3.530760365923345745e+00
2.081081081081081052e+01,8.612377948227277757e-01,3.517843410845132635e+00
2.084084084084084054e+01,8.796535895514624448e-01,3.503320922414509653e+00
2.087087087087087056e+01,8.992312048990713791e-01,3.487066384242389461e+00
2.090090090090090058e+01,9.200733222561098268e-01,3.468940711374721264e+00
2.093093093093093060e+01,9.422931837566840274e-01,3.448791018741384828e+00
2.096096096096096062e+01,9.660155609167648816e-01,3.426449315135565055e+00
2.099099099099099064e+01,9.913777743264200470e-01,3.401731126624158552e+00
2.102102102102102066e+01,1.018530595889326484e+00,3.374434211200504130e+00
2.105105105105105068e+01,1.047639181374508288e+00,3.344337197983593413e+00
2.108108108108108070e+01,1.078883344126000399e+00,3.311198879454278376e+00
2.111111111111111072e+01,1.112457793928753658e+00,3.274757525936471403e+00
2.114114114114114074e+01,1.148571778279617206e+00,3.234730807363037641e+00
2.117117117117117076e+01,1.187447279900778474e+00,3.190817172598216178e+00
2.120120120120120077e+01,1.229316085086575194e+00,3.142698444217653098e+00
2.123123123123123079e+01,1.274414951858670042e+00,3.090044431211131926e+00
2.126126126126126081e+01,1.322977618974755520e+00,3.032520857637990730e+00
2.129129129129129083e+01,1.375223427519098429e+00,2.969801022452778660e+00
2.132132132132132085e+01,1.431341114772682221e+00,2.901582648720592683e+00
2.135135135135135087e+01,1.491466852567403745e+00,2.827611080267614430e+00
2.138138138138138089e+01,1.555655636021509025e+00,2.747709891706100915e+00
2.141141141141141091e+01,1.623845737785804433e+00,2.661819379391463070e+00
2.144144144144144093e+01,1.695817314079564264e+00,2.570042080078528635e+00
2.147147147147147095e+01,1.771147364379537015e+00,2.472693221547760611e+00
2.150150150150150097e+01,1.849167143147484316e+00,2.370350074831350184e+00
2.153153153153153099e+01,1.928929553685163167e+00,2.263892459206847896e+00
2.156156156156156101e+01,2.009198277553852829e+00,2.154522213876667092e+00
2.159159159159159103e+01,2.088469650498451458e+00,2.043749764901813482e+00
2.162162162162162105e+01,2.165036406445634665e+00,1.933337570548027129e+00
2.165165165165165106e+01,2.237094404580358908e+00,1.825198002112834450e+00
2.168168168168168108e+01,2.302882557914066819e+00,1.721254285728107236e+00
2.171171171171171110e+01,2.360834740854373504e+00,1.623285017505785799e+00
2.174174174174174112e+01,2.409715794528963340e+00,1.532780185609424528e+00
2.177177177177177114e+01,2.448715369305664247e+00,1.450835847125886424e+00
2.180180180180180116e+01,2.477483977939437754e+00,1.378104630937589947e+00
2.183183183183183118e+01,2.496110236207681243e+00,1.314804852323445461e+00
2.186186186186186120e+01,2.505052072737499635e+00,1.260777096499504868e+00
2.189189189189189122e+01,2.505041747532417151e+00,1.215569490686170040e+00
2.192192192192192124e+01,2.496985150676366505e+00,1.178531690012214694e+00
2.195195195195195126e+01,2.481870685510534802e+00,1.148902186007814130e+00
2.198198198198198128e+01,2.460696457203839671e+00,1.125879784608364353e+00
2.201201201201201130e+01,2.434418367059417942e+00,1.108676052266224898e+00
2.204204204204204132e+01,2.403917635651944718e+00,1.096549590942393015e+00
2.207207207207207134e+01,2.369983784328754339e+00,1.088825589753694256e+00
2.210210210210210136e+01,2.333309305778236364e+00,1.084904013036226855e+00
2.213213213213213137e+01,2.294491734651746828e+00,1.084260424464470240e+00
2.216216216216216139e+01,2.254040350649642921e+00,1.086442044417684549e+00
2.219219219219219141e+01,2.212385108714599813e+00,1.091061339008294384e+00
2.222222222222222143e+01,2.169886367721745035e+00,1.097788528476612679e+00
2.225225225225225145e+01,2.126844463508958505e+00,1.106343958992372478e+00
2.228228228228228147e+01,2.083508596053340600e+00,1.116490882806604246e+00
2.231231231231231149e+01,2.040084799968119533e+00,1.128028900392757272e+00
2.234234234234234151e+01,1.996742891340811843e+00,1.140788203481593266e+00
2.237237237237237153e+01,1.953622444644755429e+00,1.154624593762960894e+00
2.240240240240240155e+01,1.910837861433591689e+00,1.169415244142715915e+00
2.243243243243243157e+01,1.868482632434083524e+00,1.185055126571705753e+00
2.246246246246246159e+01,1.826632902088482613e+00,1.201454020329435490e+00
2.249249249249249161e+01,1.785350437714288807e+00,1.218534018026880217e+00
2.252252252252252163e+01,1.744685098661719058e+00,1.236227450594086452e+00
2.255255255255255165e+01,1.704676859912329867e+00,1.254475186199285108e+00
2.258258258258258167e+01,1.665357533385342315e+00,1.273225184404789490e+00
2.261261261261261168e+01,1.626752158496338696e+00,1.292431326759063692e+00
2.264264264264264170e+01,1.588880160267127417e+00,1.312052443779802680e+00
2.267267267267267172e+01,1.551756311915048592e+00,1.332051506294694487e+00
2.270270270270270174e+01,1.515391533145606484e+00,1.352394954968380247e+00
2.273273273273273176e+01,1.479793548073778719e+00,1.373052147728908379e+00
2.276276276276276178e+01,1.444967427997899456e+00,1.393994904258629042e+00
2.279279279279279180e+01,1.410916045631647187e+00,1.415197125002477962e+00
2.282282282282282182e+01,1.377640438501669173e+00,1.436634486657624610e+00
2.285285285285285184e+01,1.345140125562100719e+00,1.458284177585088326e+00
2.288288288288288186e+01,1.313413352041072013e+00,1.480124693670991309e+00
2.291291291291291188e+01,1.282457303187378050e+00,1.502135660529740235e+00
2.294294294294294190e+01,1.252268263199861176e+00,1.524297702561084655e+00
2.297297297297297192e+01,1.222841756890493237e+00,1.546592327029532310e+00
2.300300300300300194e+01,1.194172659909583212e+00,1.569001835061226702e+00
2.303303303303303196e+01,1.166255281388093534e+00,1.591509256400025718e+00
2.306306306306306197e+01,1.139083438396909953e+00,1.614098291649519679e+00
2.309309309309309199e+01,1.112650506653109828e+00,1.636753275080829129e+00
2.312312312312312201e+01,1.086949462726730653e+00,1.659459145141405356e+00
2.315315315315315203e+01,1.061972917938783345e+00,1.682201422393376333e+00
2.318318318318318205e+01,1.037713129236972343e+00,1.704966207477085050e+00
2.321321321321321207e+01,1.014162037777239345e+00,1.727740155953537915e+00
2.324324324324324209e+01,9.913112606953532469e-01,1.750510493228770281e+00
2.327327327327327211e+01,9.691521148713430067e-01,1.773265001954871245e+00
2.330330330330330213e+01,9.476756107032723309e-01,1.795992035942890253e+00
2.333333333333333215e+01,9.268724679328007587e-01,1.818680514499112055e+00
2.336336336336336217e+01,9.067331113835150891e-01,1.841319934692203120e+00
2.339339339339339219e+01,8.872476818367580620e-01,1.863900369591212858e+00
2.342342342342342221e+01,8.684060362404670830e-01,1.886412476413319439e+00
2.345345345345345223e+01,8.501977574842580765e-01,1.908847495130036709e+00
2.348348348348348225e+01,8.326121595626317928e-01,1.931197251548141480e+00
2.351351351351351227e+01,8.156382983308158030e-01,1.953454154338150728e+00
2.354354354354354228e+01,7.992649818932627825e-01,1.975611192407078720e+00
2.357357357357357230e+01,7.834807845040869800e-01,1.997661927905407087e+00
2.360360360360360232e+01,7.682740601665261071e-01,2.019600489869657789e+00
2.363363363363363234e+01,7.536329578190411604e-01,2.041421565818437589e+00
2.366366366366366236e+01,7.395454451003320440e-01,2.063120382160518851e+00
2.369369369369369238e+01,7.259993253023443449e-01,2.084692694131448309e+00
2.372372372372372240e+01,7.129822590071873689e-01,2.106134768608431962e+00
2.375375375375375242e+01,7.004817860961717324e-01,2.127443364390515512e+00
2.378378378378378244e+01,6.884853527089400682e-01,2.148615710609092400e+00
2.381381381381381246e+01,6.769803332538145701e-01,2.169649486169566543e+00
2.384384384384384248e+01,6.659540542028704602e-01,2.190542797198717917e+00
2.387387387387387250e+01,6.553938255011750869e-01,2.211294147988541070e+00
2.390390390390390252e+01,6.452869587603797807e-01,2.231902421939557790e+00
2.393393393393393254e+01,6.356207955990329506e-01,2.252366852979315937e+00
2.396396396396396256e+01,6.263827363176722729e-01,2.272686995980862878e+00
2.399399399399399258e+01,6.175602552771075615e-01,2.292862708892656531e+00
2.402402402402402259e+01,6.091409314901642391e-01,2.312894119589118169e+00
2.405405405405405261e+01,6.011124706281946173e-01,2.332781600466824479e+00
2.408408408408408263e+01,5.934627195794178744e-01,2.352525750057091525e+00
2.411411411411411265e+01,5.861796945457266039e-01,2.372127359699985671e+00
2.414414414414414267e+01,5.792515956988633086e-01,2.391587394087102858e+00
2.417417417417417269e+01,5.726668224677371466e-01,2.410906970417982631e+00
2.420420420420420271e+01,5.664139943957126055e-01,2.430087330232688636e+00
2.423423423423423273e+01,5.604819634827501451e-01,2.449129820672812485e+00
2.426426426426426275e+01,5.548598246167177894e-01,2.468035878137111006e+00
2.429429429429429277e+01,5.495369269469484452e-01,2.486807008001929997e+00
2.432432432432432279e+01,5.445028814400013628e-01,2.505444769546291361e+00
2.435435435435435281e+01,5.397475801980148313e-01,2.523950748825631418e+00
2.438438438438438283e+01,5.352611946080423344e-01,2.542326552106585869e+00
2.441441441441441285e+01,5.310341778824829717e-01,2.560573794867775366e+00
2.444444444444444287e+01,5.270572763443179820e-01,2.578694081629714141e+00
2.447447447447447288e+01,5.233215327869821243e-01,2.596688993795921885e+00
2.450450450450450290e+01,5.198182823644912354e-01,2.614560085174101101e+00
2.453453453453453292e+01,5.165391564332192376e-01,2.632308869090969949e+00
2.456456456456456294e+01,5.134760855874526131e-01,2.649936806289175717e+00
2.459459459459459296e+01,5.106212944470912563e-01,2.667445301489529186e+00
2.462462462462462298e+01,5.079673009965129937e-01,2.684835695171334802e+00
2.465465465465465300e+01,5.055069156538444242e-01,2.702109255486340622e+00
2.468468468468468302e+01,5.032332368901639708e-01,2.719267174245497909e+00
2.471471471471471304e+01,5.011396475659469774e-01,2.736310562104941724e+00
2.474474474474474306e+01,4.992198110837267611e-01,2.753240443356865796e+00
2.477477477477477308e+01,4.974676667397390784e-01,2.770057752419697650e+00
2.480480480480480310e+01,4.958774246927384888e-01,2.786763331032053870e+00
2.483483483483483312e+01,4.944435607047431014e-01,2.803357925175035348e+00
2.486486486486486314e+01,4.931608105746927428e-01,2.819842182520839291e+00
2.489489489489489316e+01,4.920241647574906119e-01,2.836216650564083341e+00
2.492492492492492318e+01,4.910288623474444725e-01,2.852481774837603901e+00
2.495495495495495319e+01,4.901703841186397792e-01,2.868637897736021625e+00
2.498498498498498321e+01,4.894444485190147520e-01,2.884685256621809302e+00
2.501501501501501323e+01,4.888470057052439199e-01,2.900623982689981784e+00
2.504504504504504325e+01,4.883742321342325332e-01,2.916454099783647891e+00
2.507507507507507327e+01,4.880225245471024875e-01,2.932175523583607113e+00
2.510510510510510329e+01,4.877884873196342008e-01,2.947788063587597485e+00
2.513513513513513331e+01,4.876689353318084397e-01,2.963291418838851499e+00
2.516516516516516333e+01,4.876608880872042584e-01,2.978685177252221816e+00
2.519519519519519335e+01,4.877615642878204150e-01,2.993968814765562314e+00
2.522522522522522337e+01,4.879683772070578796e-01,3.009141694250133447e+00
2.525525525525525339e+01,4.882789204928117410e-01,3.024203069908143249e+00
2.528528528528528341e+01,4.886909724230721341e-01,3.039152081193519095e+00
2.531531531531531343e+01,4.892024931671432597e-01,3.053987750720345229e+00
2.534534534534534345e+01,4.898116193694607157e-01,3.068708983685348279e+00
2.537537537537537347e+01,4.905166610964630802e-01,3.083314565932341544e+00
2.540540540540540349e+01,4.913160912819598547e-01,3.097803166952437071e+00
2.543543543543543350e+01,4.922085470088831127e-01,3.112173335091237281e+00
2.546546546546546352e+01,4.931928305427453751e-01,3.126423492896111878e+00
2.549549549549549354e+01,4.942679048365387628e-01,3.140551936062410121e+00
2.552552552552552356e+01,4.954328919409908272e-01,3.154556830419713798e+00
2.555555555555555358e+01,4.966870676706862664e-01,3.168436211288896409e+00
2.558558558558558360e+01,4.980298605639082443e-01,3.182187979965329205e+00
2.561561561561561362e+01,4.994608552507336374e-01,3.195809897240338593e+00
2.564564564564564719e+01,5.009797899422721024e-01,3.209299580642761995e+00
2.567567567567567721e+01,5.025865564652393092e-01,3.222654499904497261e+00
2.570570570570570723e+01,5.042811995693553540e-01,3.235871972537009977e+00
2.573573573573573725e+01,5.060639167388020221e-01,3.248949158937467274e+00
2.576576576576576727e+01,5.079350617394389200e-01,3.261883055525692132e+00
2.579579579579579729e+01,5.098951452772406689e-01,3.274670488933696610e+00
2.582582582582582731e+01,5.119448370929837733e-01,3.287308109247516708e+00
2.585585585585585733e+01,5.140849688910870130e-01,3.299792381970978461e+00
2.588588588588588735e+01,5.163165382079970556e-01,3.312119578452321633e+00
2.591591591591591737e+01,5.186407110457592617e-01,3.324285769677855384e+00
2.594594594594594739e+01,5.210588265413638176e-01,3.336286816072481898e+00
2.597597597597597741e+01,5.235724018589997808e-01,3.348118357397035005e+00
2.600600600600600742e+01,5.261831385803217298e-01,3.359775800722871075e+00
2.603603603603603744e+01,5.288929331023284330e-01,3.371254303031507416e+00
2.606606606606606746e+01,5.317038786995476052e-01,3.382548765243253541e+00
2.609609609609609748e+01,5.346182747278810377e-01,3.393653816589899730e+00
2.612612612612612750e+01,5.376386356672766542e-01,3.404563799270807323e+00
2.615615615615615752e+01,5.407677016365958211e-01,3.415272751234925241e+00
2.618618618618618754e+01,5.440084580661839198e-01,3.425774377130463400e+00
2.621621621621621756e+01,5.473641387574427197e-01,3.436062040698800946e+00
2.624624624624624758e+01,5.508382400309060900e-01,3.446128742826433111e+00
2.627627627627627760e+01,5.544345363008429395e-01,3.455967097726092785e+00
2.630630630630630762e+01,5.581570961364616945e-01,3.465569308461925235e+00
2.633633633633633764e+01,5.620103117708499241e-01,3.474927125246795256e+00
2.636636636636636766e+01,5.659989123561014468e-01,3.484031824417703760e+00
2.639639639639639768e+01,5.701279839633289770e-01,3.492874178722625622e+00
2.642642642642642770e+01,5.744029962189278748e-01,3.501444419046868983e+00
2.645645645645645772e+01,5.788298311775017524e-01,3.509732193020034252e+00
2.648648648648648773e+01,5.834148117994321092e-01,3.517726524197692495e+00
2.651651651651651775e+01,5.881647321358399738e-01,3.525415768987131493e+00
2.654654654654654777e+01,5.930868920040296421e-01,3.532787567571294751e+00
2.657657657657657779e+01,5.981891476710714528e-01,3.539828774762423524e+00
2.660660660660660781e+01,6.034799594957978019e-01,3.546525394402570530e+00
2.663663663663663783e+01,6.089684230995258130e-01,3.552862534007115602e+00
2.666666666666666785e+01,6.146643276222386598e-01,3.558824325445703707e+00
2.669669669669669787e+01,6.205782196533869977e-01,3.564393837823120137e+00
2.672672672672672789e+01,6.267214807002995380e-01,3.569552972721013795e+00
2.675675675675675791e+01,6.331063828165515162e-01,3.574282387785144621e+00
2.678678678678678793e+01,6.397461737912136792e-01,3.578561381989471268e+00
2.681681681681681795e+01,6.466551736069118261e-01,3.582367767878145148e+00
2.684684684684684797e+01,6.538488658086173411e-01,3.585677748123018205e+00
2.687687687687687799e+01,6.613440029563829592e-01,3.588465774816018250e+00
2.690690690690690801e+01,6.691587432116765655e-01,3.590704369125132800e+00
2.693693693693693803e+01,6.773127955866158345e-01,3.592363929645277842e+00
2.696696696696696804e+01,6.858275460814671209e-01,3.593412565110438717e+00
2.699699699699699806e+01,6.947262342302390481e-01,3.593815862781994941e+00
2.702702702702702808e+01,7.040341684374648024e-01,3.593536608285679002e+00
2.705705705705705810e+01,7.137789180791462851e-01,3.592534533780697981e+00
2.708708708708708812e+01,7.239905523402776488e-01,3.590766007355155942e+00
2.711711711711711814e+01,7.347019129171686869e-01,3.588183679651522517e+00
2.714714714714714816e+01,7.459488965463038079e-01,3.584736117590475946e+00
2.717717717717717818e+01,7.577707940574135437e-01,3.580367366720526245e+00
2.720720720720720820e+01,7.702106866505048499e-01,3.575016441088218588e+00
2.723723723723723822e+01,7.833158245973446121e-01,3.568616835277829580e+00
2.726726726726726824e+01,7.971381095996752375e-01,3.561095904009693669e+00
2.729729729729729826e+01,8.117346217265896113e-01,3.552374184835239923e+00
2.732732732732732828e+01,8.271681671725418239e-01,3.542364696180099415e+00
2.735735735735735830e+01,8.435079364431939952e-01,3.530972088790353514e+00
2.738738738738738832e+01,8.608302089342406704e-01,3.518091740038265414e+00
2.741741741741741833e+01,8.792191121018116950e-01,3.503608779823509156e+00
2.744744744744744835e+01,8.987674531236048425e-01,3.487396998071666587e+00
2.747747747747747837e+01,9.195776390516580134e-01,3.469317654983125720e+00
2.750750750750750839e+01,9.417626662631983780e-01,3.449218195032284218e+00
2.753753753753753841e+01,9.654470142173088298e-01,3.426931014677596643e+00
2.756756756756756843e+01,9.907676643002498729e-01,3.402272079179031294e+00
2.759759759759759845e+01,1.017875024692135311e+00,3.375039618592905022e+00
2.762762762762762847e+01,1.046933830554041656e+00,3.345012807916246889e+00
2.765765765765765849e+01,1.078123608603223538e+00,3.311950861211255148e+00
2.768768768768768851e+01,1.111638651920103138e+00,3.275592607800580147e+00
2.771771771771771853e+01,1.147687766819997179e+00,3.235656316329924564e+00
2.774774774774774855e+01,1.186492700082771412e+00,3.191840843388042526e+00
2.777777777777777857e+01,1.228284960792197733e+00,3.143828459000832076e+00
2.780780780780780859e+01,1.273301207214878383e+00,3.091289255032074301e+00
2.783783783783783861e+01,1.321775309199890280e+00,3.033889009118271751e+00
2.786786786786786863e+01,1.373927046668434349e+00,2.971300749020926890e+00
2.789789789789789864e+01,1.429946046576950458e+00,2.903221464969367283e+00
2.792792792792792866e+01,1.489969976038802990e+00,2.829395121822989356e+00
2.795795795795795868e+01,1.554056087905236083e+00,2.749643098537774222e+00
2.798798798798798870e+01,1.622145888218640364e+00,2.663902439463989857e+00
2.801801801801801872e+01,1.694023804994256643e+00,2.572271275118837242e+00
2.804804804804804874e+01,1.769272316361709896e+00,2.475059076340680342e+00
2.807807807807807876e+01,1.847229042335670979e+00,2.372836289727469072e+00
2.810810810810810878e+01,1.926954008297691923e+00,2.266474953577811924e+00
2.813813813813813880e+01,2.007217955446810809e+00,2.157168969130566882e+00
2.816816816816816882e+01,2.086523404182262897e+00,2.046421503084074445e+00
2.819819819819819884e+01,2.163167365095864714e+00,1.935989502079222602e+00
2.822822822822822886e+01,2.235346861569970756e+00,1.827782845598106221e+00
2.825825825825825888e+01,2.301298420494267472e+00,1.723725847692114233e+00
2.828828828828828890e+01,2.359449780177952150e+00,1.625602061262349851e+00
2.831831831831831892e+01,2.408556726251790625e+00,1.534909588077706388e+00
2.834834834834834894e+01,2.447798090281847028e+00,1.452754662662621987e+00
2.837837837837837895e+01,2.476813262120996839e+00,1.379800724564486769e+00
2.840840840840840897e+01,2.495680783030123084e+00,1.316276177516729762e+00
2.843843843843843899e+01,2.504850451808156908e+00,1.262030022163815657e+00
2.846846846846846901e+01,2.505048842506006679e+00,1.216616567626334078e+00
2.849849849849849903e+01,2.497178516997472730e+00,1.179389426649578798e+00
2.852852852852852905e+01,2.482226582267729409e+00,1.149589085316879089e+00
2.855855855855855907e+01,2.461191394272109978e+00,1.126414810755768769e+00
2.858858858858858909e+01,2.435030180668889432e+00,1.109077530562538438e+00
2.861861861861861911e+01,2.404626053720411605e+00,1.096834593671746294e+00
2.864864864864864913e+01,2.370770790175219300e+00,1.089009509572881118e+00
2.867867867867867915e+01,2.334159145864081353e+00,1.085000485394172598e+00
2.870870870870870917e+01,2.295390858691157998e+00,1.084281321923745933e+00
2.873873873873873919e+01,2.254977212620932203e+00,1.086397610742893205e+00
2.876876876876876921e+01,2.213349956010862485e+00,1.090960343764732832e+00
2.879879879879879923e+01,2.170871017137366188e+00,1.097638440754390876e+00
2.882882882882882924e+01,2.127842080698452598e+00,1.106151124039998823e+00
2.885885885885885926e+01,2.084513497098687385e+00,1.116260682742584054e+00
2.888888888888888928e+01,2.041092266852209125e+00,1.127765907361211628e+00
2.891891891891891930e+01,1.997749020435267919e+00,1.140496304524157845e+00
2.894894894894894932e+01,1.954624018259052187e+00,1.154307096669098254e+00
2.897897897897897934e+01,1.911832230825885715e+00,1.169074975445276277e+00
2.900900900900900936e+01,1.869467623080286023e+00,1.184694511904704983e+00
2.903903903903903938e+01,1.827606718783730599e+00,1.201075164727474887e+00
2.906906906906906940e+01,1.786311622639134900e+00,1.218138738183170089e+00
2.909909909909909942e+01,1.745632458656305674e+00,1.235817337078593203e+00
2.912912912912912944e+01,1.705609427536236566e+00,1.254051635925693242e+00
2.915915915915915946e+01,1.666274537510086029e+00,1.272789425273785691e+00
2.918918918918918948e+01,1.627652981750733696e+00,1.291984453277813971e+00
2.921921921921921950e+01,1.589764309179731328e+00,1.311595442151691771e+00
2.924924924924924952e+01,1.552623408978881958e+00,1.331585260971114293e+00
2.927927927927927954e+01,1.516241291222150123e+00,1.351920269996709223e+00
2.930930930930930955e+01,1.480625750182310574e+00,1.372569763704965862e+00
2.933933933933933957e+01,1.445781923409862113e+00,1.393505501512731781e+00
2.936936936936936959e+01,1.411712734248604662e+00,1.414701336659430542e+00
2.939939939939939961e+01,1.378419267348350852e+00,1.436132901581109733e+00
2.942942942942942963e+01,1.345901077968283177e+00,1.457777349205977346e+00
2.945945945945945965e+01,1.314156443201299096e+00,1.479613143577945822e+00
2.948948948948948967e+01,1.283182571030041741e+00,1.501619886260274539e+00
2.951951951951951969e+01,1.252975772308836389e+00,1.523778174159923893e+00
2.954954954954954971e+01,1.223531588964722250e+00,1.546069494852003290e+00
2.957957957957957973e+01,1.194844912894897915e+00,1.568476130430374260e+00
2.960960960960960975e+01,1.166910069951854867e+00,1.590981091055000185e+00
2.963963963963963977e+01,1.139720887940434135e+00,1.613568062646738133e+00
2.966966966966966979e+01,1.113270755424719205e+00,1.636221362848567118e+00
2.969969969969969981e+01,1.087552658822775742e+00,1.658925915813612040e+00
2.972972972972972983e+01,1.062559216852708488e+00,1.681667229768351923e+00
2.975975975975975985e+01,1.038282705665393824e+00,1.704431382740298373e+00
2.978978978978978986e+01,1.014715064989427873e+00,1.727205024980687620e+00
2.981981981981981988e+01,9.918479260227369698e-01,1.749975362983858140e+00
2.984984984984984990e+01,9.696726100489037048e-01,1.772730168966425657e+00
2.987987987987987992e+01,9.481801388836041955e-01,1.795457779767548834e+00
2.990990990990990994e+01,9.273612380575525505e-01,1.818147102551600947e+00
2.993993993993993996e+01,9.072063409615180873e-01,1.840787619396594410e+00
2.996996996996996998e+01,8.877055958161479410e-01,1.863369389363027873e+00
3.000000000000000000e+01,8.688488666954300443e-01,1.885883055581797363e+00
